ID,Start time,Completion time,Email,Name,P1,P2,P3,P4,P5,P6,P7,P8,P9,P10,GIRO VELOCE,Nome
1,3/27/22 0:55:19,3/27/22 0:56:27,anonymous,,Lec,Per,Ver,Sai,Rus,Alo,Ham,Nor,Bot,Oco,Lec,Carlone
2,3/27/22 1:46:55,3/27/22 1:51:27,anonymous,,Lec,Sai,Ver,Per,Rus,Alo,Oco,,Bot,Mag,Lec,GVilanc
3,3/27/22 4:39:11,3/27/22 4:42:47,anonymous,,Lec,Ver,Per,Sai,Rus,Oco,Bot,Alo,Gas,Nor,Lec,BkRacing
4,3/27/22 8:16:11,3/27/22 8:22:29,anonymous,,Lec,Ver,Sai,Per,Bot,Rus,Ham,Oco,Gas,Zho,Lec,Sandro
5,3/27/22 8:16:21,3/27/22 8:23:25,anonymous,,Lec,Per,Sai,Ver,Rus,Ham,Gas,Ric,Alo,Hul,Per,Kanci
6,3/27/22 10:39:23,3/27/22 10:42:00,anonymous,,Per,Sai,Lec,Ver,Rus,Oco,Alo,Bot,Mag,Ham,Per,Ferfo
7,3/27/22 10:46:01,3/27/22 10:47:25,anonymous,,Lec,Per,Ver,Sai,Bot,Rus,Mag,Alo,Gas,Ham,Lec,Wolfi
8,3/27/22 10:59:19,3/27/22 11:03:20,anonymous,,Lec,Ver,Per,Sai,Rus,Oco,Alo,Gas,Bot,Mag,Per,Mark Gene
9,3/27/22 11:42:33,3/27/22 11:46:10,anonymous,,Lec,Per,Ver,Sai,Rus,Oco,Gas,Mag,Alo,Bot,Lec,Maverik
10,3/27/22 13:27:46,3/27/22 13:29:17,anonymous,,Lec,Ver,Sai,Per,Rus,Alo,Oco,Gas,Mag,Bot,Lec,Mare
11,3/27/22 13:32:52,3/27/22 13:34:36,anonymous,,Lec,Ver,Sai,Per,Rus,Alo,Bot,Mag,Oco,Gas,Lec,Kojo
12,3/27/22 15:46:10,3/27/22 15:47:13,anonymous,,Lec,Sai,Ver,Per,Rus,Oco,Ham,Gas,Bot,Mag,Lec,Succ
13,3/27/22 16:05:42,3/27/22 16:07:00,anonymous,,Lec,Per,Sai,Ver,Alo,Oco,Rus,Mag,Bot,Ham,Lec,Gregson
14,3/27/22 17:24:52,3/27/22 17:25:32,anonymous,,Lec,Ver,Sai,Per,Nor,Gas,Ric,Tsu,Str,Alo,Lec,AlekAlbon
15,3/28/22 17:24:52,3/28/22 17:25:32,anonymous,,Lec,Per,Ver,Sai,Rus,Oco,Mag,Alo,Ham,Bot,Lec,Akinen
