ID,Start time,Completion time,Email,Name,P1,P2,P3,P4,P5,Nome
1,3/25/22 21:34:54,3/25/22 21:35:23,anonymous,,Lec,Ver,Sai,Per,Ham,Succ
2,3/25/22 23:12:49,3/25/22 23:14:01,anonymous,,Lec,Ver,Sai,Per,Ham,Gregson
3,3/25/22 23:14:35,3/25/22 23:15:21,anonymous,,Ver,Lec,Sai,Per,Ham,Ferfo
4,3/26/22 8:49:13,3/26/22 8:49:40,anonymous,,Lec,Ver,Sai,Per,Ham,Wolfi
5,3/26/22 9:01:11,3/26/22 9:01:43,anonymous,,Lec,Ver,Sai,Ham,Per,GVilanc
6,3/26/22 11:39:42,3/26/22 11:39:59,anonymous,,Lec,Sai,Ver,Ham,Nor,AlekAlbon
7,3/26/22 12:18:38,3/26/22 12:18:55,anonymous,,Lec,Ver,Sai,Ham,Rus,Akinen
8,3/26/22 13:11:25,3/26/22 13:11:54,anonymous,,Lec,Ver,Sai,Ham,Per,Sandro
9,3/26/22 13:41:33,3/26/22 13:42:04,anonymous,,Lec,Ver,Sai,Per,Ham,Carlone
10,3/26/22 13:42:03,3/26/22 13:43:56,anonymous,,Lec,Ver,Per,Sai,Ham,Mark Gene
11,3/26/22 13:42:15,3/26/22 13:44:11,anonymous,,Lec,Ver,Sai,Per,Ham,Kanci
12,3/26/22 14:15:09,3/26/22 14:15:41,anonymous,,Lec,Sai,Ver,Ham,Per,Maverik
13,3/26/22 17:18:04,3/26/22 17:18:25,anonymous,,Lec,Ver,Per,Sai,Ham,Mare
14,3/26/22 17:26:30,3/26/22 17:26:54,anonymous,,Ver,Ham,Lec,Per,Sai,BkRacing
